run_name,policy,scenario,setting,log,workloads,status,avg_ipc,weighted_speedup,harmonic_speedup,max_sim_cycles,total_pf_issued,total_pf_useful,pf_accuracy,dram_avg_dbus,rq_row_buffer_hit,rq_row_buffer_miss,total_llc_miss,victim_min_retention,victim_avg_retention,polluter_workload,polluter_pf_issued,polluter_retention_vs_orig,cpu0_workload,cpu0_ipc,cpu0_pf_issued,cpu0_pf_useful,cpu0_pf_accuracy,cpu0_retention_vs_orig,cpu1_workload,cpu1_ipc,cpu1_pf_issued,cpu1_pf_useful,cpu1_pf_accuracy,cpu1_retention_vs_orig,cpu2_workload,cpu2_ipc,cpu2_pf_issued,cpu2_pf_useful,cpu2_pf_accuracy,cpu2_retention_vs_orig,cpu3_workload,cpu3_ipc,cpu3_pf_issued,cpu3_pf_useful,cpu3_pf_accuracy,cpu3_retention_vs_orig,controller_final
2core_main,orig,heterogeneous,nominal,results/logs/phase15/multicore/orig_2core_nominal_mcf_gemsfdtd.txt,mcf;gemsfdtd,incomplete,0.0,0,0.0,0,0,0,0.0,0.0,0,0,0,0.0,0.0,mcf,0,0.0,mcf,0.0,0,0,0.0,0.0,gemsfdtd,0.0,0,0,0.0,0.0,,,,,,,,,,,,,
2core_main,fdp,heterogeneous,nominal,results/logs/phase15/multicore/fdp_2core_nominal_mcf_gemsfdtd.txt,mcf;gemsfdtd,incomplete,0.0,0,0.0,0,0,0,0.0,0.0,0,0,0,0.0,0.0,mcf,0,0.0,mcf,0.0,0,0,0.0,0.0,gemsfdtd,0.0,0,0,0.0,0.0,,,,,,,,,,,,,
2core_main,bwc,heterogeneous,nominal,results/logs/phase15/multicore/bwc_2core_nominal_mcf_gemsfdtd.txt,mcf;gemsfdtd,incomplete,0.0,0,0.0,0,0,0,0.0,0.0,0,0,0,0.0,0.0,mcf,0,0.0,mcf,0.0,0,0,0.0,0.0,gemsfdtd,0.0,0,0,0.0,0.0,,,,,,,,,,,,,
4core_main_nominal,orig,main_mix,nominal,results/logs/phase15/multicore/orig_4core_nominal_mcf_gemsfdtd_leslie3d_lbm.txt,mcf;gemsfdtd;leslie3d;lbm,incomplete,0.0,0,0.0,0,0,0,0.0,0.0,0,0,0,0.0,0.0,mcf,0,0.0,mcf,0.0,0,0,0.0,0.0,gemsfdtd,0.0,0,0,0.0,0.0,leslie3d,0.0,0,0,0.0,0.0,lbm,0.0,0,0,0.0,0.0,
4core_main_nominal,bwc,main_mix,nominal,results/logs/phase15/multicore/bwc_4core_nominal_mcf_gemsfdtd_leslie3d_lbm.txt,mcf;gemsfdtd;leslie3d;lbm,incomplete,0.0,0,0.0,0,0,0,0.0,0.0,0,0,0,0.0,0.0,mcf,0,0.0,mcf,0.0,0,0,0.0,0.0,gemsfdtd,0.0,0,0,0.0,0.0,leslie3d,0.0,0,0,0.0,0.0,lbm,0.0,0,0,0.0,0.0,
2core_default,orig,heterogeneous,nominal,results/logs/phase15/multicore/orig_2core_nominal_omnetpp_gemsfdtd.txt,omnetpp;gemsfdtd,incomplete,0.0,0,0.0,0,0,0,0.0,0.0,0,0,0,0.0,0.0,omnetpp,0,0.0,omnetpp,0.0,0,0,0.0,0.0,gemsfdtd,0.0,0,0,0.0,0.0,,,,,,,,,,,,,
2core_default,fdp,heterogeneous,nominal,results/logs/phase15/multicore/fdp_2core_nominal_omnetpp_gemsfdtd.txt,omnetpp;gemsfdtd,incomplete,0.0,0,0.0,0,0,0,0.0,0.0,0,0,0,0.0,0.0,omnetpp,0,0.0,omnetpp,0.0,0,0,0.0,0.0,gemsfdtd,0.0,0,0,0.0,0.0,,,,,,,,,,,,,
2core_default,bwc,heterogeneous,nominal,results/logs/phase15/multicore/bwc_2core_nominal_omnetpp_gemsfdtd.txt,omnetpp;gemsfdtd,incomplete,0.0,0,0.0,0,0,0,0.0,0.0,0,0,0,0.0,0.0,omnetpp,0,0.0,omnetpp,0.0,0,0,0.0,0.0,gemsfdtd,0.0,0,0,0.0,0.0,,,,,,,,,,,,,
4core_default_nominal,orig,main_mix,nominal,results/logs/phase15/multicore/orig_4core_nominal_omnetpp_gemsfdtd_leslie3d_lbm.txt,omnetpp;gemsfdtd;leslie3d;lbm,incomplete,0.0,0,0.0,0,0,0,0.0,0.0,0,0,0,0.0,0.0,omnetpp,0,0.0,omnetpp,0.0,0,0,0.0,0.0,gemsfdtd,0.0,0,0,0.0,0.0,leslie3d,0.0,0,0,0.0,0.0,lbm,0.0,0,0,0.0,0.0,
4core_default_nominal,bwc,main_mix,nominal,results/logs/phase15/multicore/bwc_4core_nominal_omnetpp_gemsfdtd_leslie3d_lbm.txt,omnetpp;gemsfdtd;leslie3d;lbm,incomplete,0.0,0,0.0,0,0,0,0.0,0.0,0,0,0,0.0,0.0,omnetpp,0,0.0,omnetpp,0.0,0,0,0.0,0.0,gemsfdtd,0.0,0,0,0.0,0.0,leslie3d,0.0,0,0,0.0,0.0,lbm,0.0,0,0,0.0,0.0,
4core_4xlbm_stress,orig,4xlbm,stress,results/logs/phase15/multicore/orig_4core_stress_4xlbm.txt,lbm;lbm;lbm;lbm,incomplete,0.0,0,0.0,0,0,0,0.0,0.0,0,0,0,0.0,0.0,lbm,0,0.0,lbm,0.0,0,0,0.0,0.0,lbm,0.0,0,0,0.0,0.0,lbm,0.0,0,0,0.0,0.0,lbm,0.0,0,0,0.0,0.0,
4core_4xlbm_stress,bwc,4xlbm,stress,results/logs/phase15/multicore/bwc_4core_stress_4xlbm.txt,lbm;lbm;lbm;lbm,incomplete,0.0,0,0.0,0,0,0,0.0,0.0,0,0,0,0.0,0.0,lbm,0,0.0,lbm,0.0,0,0,0.0,0.0,lbm,0.0,0,0,0.0,0.0,lbm,0.0,0,0,0.0,0.0,lbm,0.0,0,0,0.0,0.0,
2core_default_pilot,orig,heterogeneous,nominal_10Mpilot,results/logs/phase15/multicore/orig_2core_nominal_omnetpp_gemsfdtd_10Mpilot.txt,omnetpp;gemsfdtd,complete,0.529,1.7712961901752162,0.8820848046959926,43653100,1708083,124982,0.07317091733832606,6.018,11697,694801,798603,0.9418247926372003,0.9418247926372003,omnetpp,188559,0.8294713975380159,omnetpp,0.2291,188559,6641,0.035219745543835085,0.8294713975380159,gemsfdtd,0.8289,1519524,118341,0.07788030988651709,0.9418247926372003,,,,,,,,,,,,,[SPP_ORIG] pf_threshold=25 fill_threshold=90 | [SPP_ORIG] pf_threshold=25 fill_threshold=90
2core_default_pilot,fdp,heterogeneous,nominal_10Mpilot,results/logs/phase15/multicore/fdp_2core_nominal_omnetpp_gemsfdtd_10Mpilot.txt,omnetpp;gemsfdtd,complete,0.4991,1.675524866710476,0.8349149929418074,45901511,427523,123585,0.2890721668775715,6.272,2412,567473,582561,0.8866037950232928,0.8866037950232928,omnetpp,174028,0.7889210716871833,omnetpp,0.2179,174028,6422,0.036902107706805805,0.7889210716871833,gemsfdtd,0.7803,253495,117163,0.46219057575100103,0.8866037950232928,,,,,,,,,,,,,[FDP] Final level=1 pf_threshold=80 fill_threshold=90 | [FDP] Final level=1 pf_threshold=80 fill_threshold=90
2core_default_pilot,bwc,heterogeneous,nominal_10Mpilot,results/logs/phase15/multicore/bwc_2core_nominal_omnetpp_gemsfdtd_10Mpilot.txt,omnetpp;gemsfdtd,complete,0.5138,1.772280583940621,0.8861132542198533,41076628,1383696,196674,0.14213671211017448,5.801,13100,706214,832804,0.8910351096466311,0.8910351096466311,omnetpp,331752,0.8812454742939899,omnetpp,0.2434,331752,32162,0.09694591140369915,0.8812454742939899,gemsfdtd,0.7842,1051944,164512,0.15638855300282145,0.8910351096466311,,,,,,,,,,,,,[BWC] Final level=5 pf_threshold=5 fill_threshold=50 issue_period=1 | [BWC] Final level=5 pf_threshold=5 fill_threshold=50 issue_period=1
4core_default_nominal_pilot,orig,main_mix,nominal_10Mpilot,results/logs/phase15/multicore/orig_4core_nominal_omnetpp_gemsfdtd_leslie3d_lbm_10Mpilot.txt,omnetpp;gemsfdtd;leslie3d;lbm,incomplete,0.0,0,0.0,0,0,0,0.0,0.0,0,0,0,0.0,0.0,omnetpp,0,0.0,omnetpp,0.0,0,0,0.0,0.0,gemsfdtd,0.0,0,0,0.0,0.0,leslie3d,0.0,0,0,0.0,0.0,lbm,0.0,0,0,0.0,0.0,
4core_default_nominal_pilot,bwc,main_mix,nominal_10Mpilot,results/logs/phase15/multicore/bwc_4core_nominal_omnetpp_gemsfdtd_leslie3d_lbm_10Mpilot.txt,omnetpp;gemsfdtd;leslie3d;lbm,incomplete,0.0,0,0.0,0,0,0,0.0,0.0,0,0,0,0.0,0.0,omnetpp,0,0.0,omnetpp,0.0,0,0,0.0,0.0,gemsfdtd,0.0,0,0,0.0,0.0,leslie3d,0.0,0,0,0.0,0.0,lbm,0.0,0,0,0.0,0.0,
4core_default_stress_pilot,orig,main_mix,stress_10Mpilot,results/logs/phase15/multicore/orig_4core_stress_omnetpp_gemsfdtd_leslie3d_lbm_10Mpilot.txt,omnetpp;gemsfdtd;leslie3d;lbm,incomplete,0.0,0,0.0,0,0,0,0.0,0.0,0,0,0,0.0,0.0,omnetpp,0,0.0,omnetpp,0.0,0,0,0.0,0.0,gemsfdtd,0.0,0,0,0.0,0.0,leslie3d,0.0,0,0,0.0,0.0,lbm,0.0,0,0,0.0,0.0,
4core_default_stress_pilot,bwc,main_mix,stress_10Mpilot,results/logs/phase15/multicore/bwc_4core_stress_omnetpp_gemsfdtd_leslie3d_lbm_10Mpilot.txt,omnetpp;gemsfdtd;leslie3d;lbm,incomplete,0.0,0,0.0,0,0,0,0.0,0.0,0,0,0,0.0,0.0,omnetpp,0,0.0,omnetpp,0.0,0,0,0.0,0.0,gemsfdtd,0.0,0,0,0.0,0.0,leslie3d,0.0,0,0,0.0,0.0,lbm,0.0,0,0,0.0,0.0,
4core_4xlbm_stress_pilot,orig,4xlbm,stress_10Mpilot,results/logs/phase15/multicore/orig_4core_stress_4xlbm_10Mpilot.txt,lbm;lbm;lbm;lbm,complete,0.164925,0.7777646781419476,0.19443451973491704,61216004,3015042,156770,0.05199595892859867,3.947,48002,1118272,1959122,0.1926432445178024,0.19425449972490763,lbm,763128,0.19500117896722471,lbm,0.1654,763128,39123,0.051266628927257286,0.19500117896722471,lbm,0.1634,735486,39028,0.053064232357923874,0.1926432445178024,lbm,0.166,753469,39225,0.05205920880620171,0.19570855930205142,lbm,0.1649,762959,39394,0.05163318081312364,0.19441169535486913,[SPP_ORIG] pf_threshold=25 fill_threshold=90 | [SPP_ORIG] pf_threshold=25 fill_threshold=90 | [SPP_ORIG] pf_threshold=25 fill_threshold=90 | [SPP_ORIG] pf_threshold=25 fill_threshold=90
4core_4xlbm_stress_pilot,bwc,4xlbm,stress_10Mpilot,results/logs/phase15/multicore/bwc_4core_stress_4xlbm_10Mpilot.txt,lbm;lbm;lbm;lbm,incomplete,0.0,0,0.0,0,0,0,0.0,0.0,0,0,0,0.0,0.0,lbm,0,0.0,lbm,0.0,0,0,0.0,0.0,lbm,0.0,0,0,0.0,0.0,lbm,0.0,0,0,0.0,0.0,lbm,0.0,0,0,0.0,0.0,
